id,role,source,name_or_contact,organisation,city,device,consent_given,recording_consent,status,scheduled_at,interviewer,notes,incentive_sent
L1,learner,,,,,,,,to-contact,,,,
L2,learner,,,,,,,,to-contact,,,,
L3,learner,,,,,,,,to-contact,,,,
L4,learner,,,,,,,,to-contact,,,,
L5,learner,,,,,,,,to-contact,,,,
L6,learner,,,,,,,,to-contact,,,,
L7,learner,,,,,,,,to-contact,,,,
I1,instructor,,,,,,,,to-contact,,,,
I2,instructor,,,,,,,,to-contact,,,,
I3,instructor,,,,,,,,to-contact,,,,
I4,instructor,,,,,,,,to-contact,,,,
A1,institute-admin,,,,,,,,to-contact,,,,
A2,institute-admin,,,,,,,,to-contact,,,,
A3,institute-admin,,,,,,,,to-contact,,,,
H1,corporate-hr,,,,,,,,to-contact,,,,
H2,corporate-hr,,,,,,,,to-contact,,,,
H3,corporate-hr,,,,,,,,to-contact,,,,
